"gene","Delta_2RF","euclidean_dist_50","mean_SASA","Length","Total_Mutations_n","Essential","gene_ctrl","mean_SASA_ctrl","Length_ctrl","Total_Mutations_n_ctrl","Essential_ctrl"
"P13804",0.868,0.138791780230294,54.2209922547507,333,8,"No","O76027",54.2637098223478,345,5,"No"
"P54652",0.862,0.0856239493467007,49.6850239220438,639,1,"No","Q9UK73",48.3598745856491,627,1,"No"
"Q13609",0.841,0.088102979078276,54.4207679992525,305,8,"No","Q8NHY5",54.497517107482,278,7,"No"
"Q92925",0.825,0.0269817558485022,91.1834819340414,531,4,"No","Q68DY1",90.7520138513258,528,4,"No"
"Q99616",0.82,0.0616675967553117,89.3993170046531,98,1,"No","Q6UW32",88.9677452636364,110,2,"No"
"P32119",0.813,0.0130729719067172,51.5585205480404,198,1,"No","P61086",51.3597668356,200,1,"No"
"P28702",0.805,0.0595769906343629,84.8127330745141,533,2,"No","C9JN71",83.8145455406026,531,2,"No"
"P15586",0.803,0.110046812872209,50.6811902598007,552,4,"No","A6NHZ5",50.2155704101479,514,4,"No"
"Q16836",0.802,0.134892634689999,53.287692378,314,4,"No","Q5JTN6",51.1468629202866,314,5,"No"
"P11802",0.802,0.197859228914244,54.2618392111551,303,5,"Yes","P55735",55.3380139301553,322,1,"Yes"
"O95045",0.8,0.130798704697751,54.7840969857729,317,7,"No","P02750",56.2915598355043,347,6,"No"
"P07327",0.8,0.133152383318577,42.5637786763307,375,1,"No","O43813",40.6299376674386,399,1,"No"
"P11142",0.8,0.170528244007815,50.5868509628638,646,0,"No","Q96JP0",48.1797026970502,617,1,"No"
"Q9GZX6",0.799,0.0204094108993251,65.5309725812291,179,2,"No","Q9NP86",65.336371466474,173,2,"No"
"Q9Y272",0.798,0.056317204576346,66.0522907134377,281,0,"No","Q9BR61",65.1056890647518,282,0,"No"
"P33176",0.796,0.15420944325878,84.8067280350571,963,7,"No","Q8TF20",85.1914444531284,911,8,"No"
"P59910",0.795,0.143954843777888,69.228769467557,316,7,"No","Q15238",70.8974189164836,335,9,"No"
"P27695",0.793,0.0655094692282987,58.3684172892327,318,5,"No","Q8WXH4",59.4453679205573,323,5,"No"
"P06733",0.792,0.227589219218733,38.024988024129,434,0,"No","Q6ZV70",41.7977803761952,420,0,"No"
"O75791",0.789,0.0457647976902522,86.1619934738485,330,4,"No","Q9UBM4",86.0441166668675,332,5,"No"
"P16519",0.788,0.110677915914933,48.3156113528934,638,1,"No","Q8IUR7",47.8994734344844,673,0,"No"
"Q9BZE9",0.786,0.102824284716783,88.8969285351718,553,7,"No","Q9Y2P0",88.5184235564246,537,5,"No"
"P05177",0.784,0.0206942854643409,48.486987755155,516,3,"No","Q9Y575",48.1517402649459,518,3,"No"
"P22392",0.784,0.017862202593781,58.7818032521053,152,0,"No","Q8NDC4",58.8830915563014,146,0,"No"
"P60568",0.78,0.0439464620195184,69.4778086415686,153,1,"No","P07998",68.7518878478205,156,1,"No"
"P09238",0.78,0.0866852750607164,54.6889190506723,476,4,"No","Q6NXE6",54.2801108727944,501,5,"No"
"O15116",0.779,0.0230048120398516,77.3595870033835,133,1,"No","Q9H112",77.6666035511304,138,1,"No"
"Q96EP1",0.779,0.0120676624914838,87.401625710256,664,3,"No","P17021",87.2217790772054,662,3,"No"
"P12268",0.779,0.0530228505879281,49.3120407345331,514,3,"No","Q16401",49.2541335039802,504,2,"No"
"Q13547",0.777,0.070341634468635,60.2297324643859,482,1,"No","O95376",61.2937491445963,493,1,"No"
"Q05513",0.774,0.0340245503862583,64.5795338566892,592,1,"No","O75529",64.0246887274024,589,1,"No"
"O43295",0.773,0.398589969059495,90.9145667203239,1099,7,"No","Q5T1B0",87.1869863845059,1012,12,"No"
"Q9Y6M1",0.773,0.143694033241429,72.3218880620968,599,1,"No","Q9NVH1",72.4004882915492,559,3,"No"
"O94788",0.772,0.161121397500996,44.1298345046911,518,8,"No","Q5R3I4",42.930030812209,469,9,"No"
"Q8NEX9",0.771,0.314907544816578,53.5429146594888,313,11,"No","E5RJM6",56.0915614561403,399,8,"No"
"P09104",0.769,0.319371626745106,38.009755372318,434,0,"No","P13489",41.6161877805206,461,5,"No"
"P25774",0.768,0.0670573320390291,51.2338972930997,331,4,"No","Q9UHP6",50.4398580582759,348,4,"No"
"P02778",0.767,0.0336236274597171,87.8341393622449,98,1,"No","Q9NU23",88.1466816045454,88,1,"No"
"Q8TC71",0.765,0.0601314267152528,87.7668697869331,538,5,"No","Q96JC4",87.6343785912214,524,4,"No"
"Q9P1W9",0.765,0.0432332533279811,57.2516405713826,311,0,"No","Q96BM1",56.5813631892114,317,0,"No"
"Q8N4T4",0.764,0.115107731996937,61.044923577403,335,4,"No","Q96CX6",61.5912403339084,371,3,"No"
"P07864",0.764,0.0464996947392533,50.9842822843253,332,1,"No","Q8IYX1",51.0642638535417,336,2,"No"
"P00338",0.763,0.0642460067840417,51.7135523076807,332,2,"No","Q9NXK8",52.4336364929816,326,1,"No"
"O00305",0.761,0.0378039114785869,91.0873447053654,520,2,"No","Q9HCL3",91.2567969855722,533,2,"No"
"Q8TBG4",0.761,0.0700126539598688,57.0077826078677,499,2,"No","Q9NVX7",57.1287141580039,518,1,"No"
"Q04206",0.761,0.0454425465207121,91.8252198979964,551,6,"No","Q9BWE0",91.9486079263316,567,6,"No"
"P04278",0.76,0.156974207745372,55.7778696547811,402,7,"No","Q8N4F0",55.7495059667249,458,7,"No"
"Q06830",0.759,0.0582746301937016,52.6923311149246,199,0,"No","Q03013",52.2941754411468,218,0,"No"
"Q9NP50",0.759,0.11171808322538,105.610059967557,221,0,"Yes","Q96NC0",107.177835459799,199,0,"Yes"
"P62993",0.757,0.0456145838625775,63.8976633208756,217,0,"No","Q9UBQ5",63.1314548133303,218,0,"No"
